District,PS
AMBALA,AMBALA CANTT
AMBALA,AMBALA CITY
AMBALA,AMBALA SADAR
AMBALA,BALDEV NAGAR
AMBALA,BARARA
AMBALA,MAHESH NAGAR
AMBALA,MULLANA
AMBALA,NAGGAL
AMBALA,NARAINGARH
AMBALA,PANJOKHRA
AMBALA,PARAO AMBALA CANTT
AMBALA,PS CYBER CRIME AMBALA
AMBALA,SAHA
AMBALA,"SECTOR-9, AMBALA CITY"
AMBALA,SHAHZADPUR
AMBALA,"WOMEN POLICE STATION NARAINGARH, AMBALA"
AMBALA,"WOMEN POLICE STATION, AMBALA"
HISAR,ADAMPUR
HISAR,AGROHA
HISAR,AZAD NAGAR HISAR
HISAR,BARWALA
HISAR,"Cyber Crime, Police Station Hisar"
HISAR,HISAR CITY
HISAR,HISAR CIVIL LINES
HISAR,HISAR SADAR
HISAR,HTM HISAR
HISAR,UKLANA
HISAR,URBAN ESTATE HISAR
HISAR,"WOMEN POLICE STATION, HISSAR"
KAITHAL,ACB
KAITHAL,CHEEKA
KAITHAL,CIVIL LINE KAITHAL
KAITHAL,Cyber Crime Police Station Kaithal
KAITHAL,Dhand
KAITHAL,GRP
KAITHAL,GUHLA
KAITHAL,HSEnB
KAITHAL,KAITHAL CITY
KAITHAL,KAITHAL SADAR
KAITHAL,KALAYAT
KAITHAL,PUNDRI
KAITHAL,RAJAUND
KAITHAL,SIWAN
KAITHAL,TITRAM
KAITHAL,"WOMEN POLICE STATION, KAITHAL"
KURUKSHETRA,BABAIN
KURUKSHETRA,"CITY PEHOWA, KURUKSHETRA"
KURUKSHETRA,"CYBER CRIME POLICE STATION, KURUKSHETRA"
KURUKSHETRA,GRP
KURUKSHETRA,HSENB
KURUKSHETRA,ISMAILABAD
KURUKSHETRA,JHANSA
KURUKSHETRA,"KRISHANA GATE, THANASAR KURUKSHETRA"
KURUKSHETRA,KURUKSHETRA UNIVERSITY
KURUKSHETRA,LADWA
KURUKSHETRA,PEHOWA
KURUKSHETRA,SHAHABAD
KURUKSHETRA,THANESAR CITY
KURUKSHETRA,THANESAR SADAR
KURUKSHETRA,"WOMEN POLICE STATION, KURUKSHETRA"
NUH,BICCHOR
NUH,CITY NUH
NUH,CITY TAURU
NUH,FEROZEPUR JHIRKA
NUH,NAGINA
NUH,PINANGWA
NUH,PS Akera
NUH,PS City Firozpur Jhirka
NUH,PS City Punhana
NUH,PS Cyber Crime Nuh(Mewat)
NUH,PS Mohammadpur Ahir
NUH,PUNHANA
NUH,ROZKA MEO
NUH,SADAR NUH
NUH,SADAR TAURU
NUH,"WOMEN POLICE STATION, MEWAT"
PALWAL,BAHIN
PALWAL,CAMP PALWAL
PALWAL,CHAND HUT
PALWAL,CITY PALWAL
PALWAL,GADPURI
PALWAL,HASSANPUR
PALWAL,HATHIN
PALWAL,HODAL
PALWAL,MUNDKATI
PALWAL,"PS Cyber Crime, District Palwal"
PALWAL,SADAR PALWAL
PALWAL,UTAWAR
PALWAL,"WOMEN POLICE STATION, PALWAL"
PANCHKULA,ACB
PANCHKULA,CHANDIMANDIR
PANCHKULA,CYBER CRIME
PANCHKULA,GRP Chandigarh
PANCHKULA,GRP Kalka
PANCHKULA,HSEnB
PANCHKULA,KALKA
PANCHKULA,MANSA DEVI COMPLEX
PANCHKULA,"Nodal Cyber Crime Police Station, Haryana"
PANCHKULA,PANCHKULA SECTOR-5
PANCHKULA,PINJORE
PANCHKULA,RAIPUR RANI
PANCHKULA,"SECTOR-14, PANCHKULA"
PANCHKULA,SECTOR-20
PANCHKULA,"SECTOR-7, PANCHKULA"
PANCHKULA,"WOMEN POLICE STATION, PANCHKULA"
PANIPAT,BAPOLI
PANIPAT,CHANDNIBAGH
PANIPAT,Cyber Crime Police Station Panipat
PANIPAT,ISRANA
PANIPAT,Industrial Sector 29 Panipat
PANIPAT,MATLAUDA
PANIPAT,Model Town Panipat
PANIPAT,Old Industrial Panipat
PANIPAT,PANIPAT CITY
PANIPAT,PANIPAT SADAR
PANIPAT,Quilla Panipat
PANIPAT,SAMALKHA
PANIPAT,SANOLI
PANIPAT,SECTOR 13/17 PANIPAT
PANIPAT,Tehsil Camp Panipat
PANIPAT,"WOMEN POLICE STATION, PANIPAT"
REWARI,BAWAL
REWARI,DHARUHERA
REWARI,JATUSANA
REWARI,KASOLA
REWARI,KHOL
REWARI,KOSLI
REWARI,MODEL TOWN REWARI
REWARI,"POLICE STATION CYBER CRIME, REWARI"
REWARI,RAMPURA
REWARI,REWARI CITY
REWARI,REWARI SADAR
REWARI,ROHADAI
REWARI,"SEC-6, DHARUHERA"
REWARI,"WOMEN POLICE STATION, REWARI"
SIRSA,BARAGUDHA(Sirsa)
SIRSA,Cyber Crime Police Station Sirsa
SIRSA,DING
SIRSA,ELLENABAD
SIRSA,NATHU SARAI CHOPTA
SIRSA,"Police Station,Civil Line Sirsa"
SIRSA,RANIA
SIRSA,RORI(Sirsa)
SIRSA,SIRSA CITY
SIRSA,SIRSA SADAR
SIRSA,"WOMEN POLICE STATION, SIRSA"
